pname,tname
MkLeo,Super Smash Con 2019
Samsora,Super Smash Con 2019
Tweek,Super Smash Con 2019
Marss,Super Smash Con 2019
Lui$,Super Smash Con 2019
Maister,Super Smash Con 2019
Nairo,Super Smash Con 2019
Light,Super Smash Con 2019
VoiD,GENESIS 6
MkLeo,GENESIS 6
Samsora,GENESIS 6
zackray,GENESIS 6
Dabuz,GENESIS 6
Light,GENESIS 6
ESAM,GENESIS 6
Cosmos,GENESIS 6
MkLeo,Smash 'N' Splash 5
Samsora,Smash 'N' Splash 5
Ally,Smash 'N' Splash 5
Marss,Smash 'N' Splash 5
VoiD,Smash 'N' Splash 5
Dabuz,Smash 'N' Splash 5
Cosmos,Frostbite 2019
MkLeo,Frostbite 2019
Myran,Frostbite 2019
Tweek,Frostbite 2019
Light,Frostbite 2019
Nairo,Frostbite 2019
Shuton,Frostbite 2019
MVD,Frostbite 2019
Dabuz,The Big House 9
Maister,The Big House 9
Nairo,The Big House 9
zackray,The Big House 9
RFang,The Big House 9
Tweek,The Big House 9
Samsora,The Big House 9
Shuton,The Big House 9
Samsora,Shine 2019
MkLeo,Shine 2019
Marss,Shine 2019
Dabuz,Shine 2019
Nairo,Shine 2019
Dark Wizzy,Shine 2019
Raffi-X,Shine 2019
Tweek,Shine 2019
Jakal,Shine 2019
Blacktwins13,Shine 2019
LeoN,Shine 2019
ESAM,Shine 2019
MkLeo,EVO 2019
Tweek,EVO 2019
Glutonny,EVO 2019
Raito,EVO 2019
Samsora,EVO 2019
Kameme,EVO 2019
Dabuz,EVO 2019
Nietono,EVO 2019
Shogun,EVO 2019
ProtoBanham,EVO 2019
Marss,EVO 2019
Light,EVO 2019
Abadango,EVO 2019
zackray,EVO 2019
Shuton,EVO 2019
MkLeo,MomoCon 2019
Tweek,MomoCon 2019
VoiD,MomoCon 2019
Samsora,MomoCon 2019
Sinji,MomoCon 2019
Marss,MomoCon 2019
Salem,MomoCon 2019
Ally,MomoCon 2019